Model,R²,RMSE
Random Forest,0.48382043518312834,4.4702920753426
XGBoost,0.4117736856170824,4.772080052087476
