Model,R²,RMSE,Winner
Random Forest,0.4259751191014425,4.714122399538606,
XGBoost,0.5064301303881911,4.371291978422004,✓
