{
  "n_rows": 806,
  "n_countries": 145,
  "train_rows": 644,
  "test_rows": 162,
  "rf_r2": 0.4259751191014425,
  "rf_rmse": 4.714122399538606,
  "xgb_r2": 0.5064301303881911,
  "xgb_rmse": 4.371291978422004,
  "best_model": "XGBoost",
  "best_r2": 0.5064301303881911,
  "best_rmse": 4.371291978422004,
  "best_params": {
    "model__colsample_bytree": 0.9,
    "model__learning_rate": 0.08,
    "model__max_depth": 5,
    "model__n_estimators": 500,
    "model__subsample": 0.9
  },
  "delta_r2": -0.08045501128674859,
  "delta_rmse": -0.3428304211166022,
  "usage_ratio": 2.77251188971532,
  "growth_corr": -0.054214201737393705,
  "level_corr": 0.4817996749399765,
  "below20_corr": -0.04592590709567692,
  "above20_corr": -0.1287141310644205,
  "dominance_year": 2026,
  "rf_best_params": {
    "model__max_depth": 10,
    "model__max_features": 0.6,
    "model__min_samples_split": 2,
    "model__n_estimators": 300
  },
  "xgb_best_params": {
    "model__colsample_bytree": 0.9,
    "model__learning_rate": 0.08,
    "model__max_depth": 5,
    "model__n_estimators": 500,
    "model__subsample": 0.9
  }
}